Polynomial Degree,Total Qubits,System Qubits,Ancilla Qubits,Circuit Depth,Total Gates,1-Qubit Gates,2-Qubit Gates,CNOT Count,T Count,Query Complexity,Estimated Error,Construction Time (s)
5,3,1,2,10,20,18,0,0,0,5,0.7974680765025622,0.0014424324035644531
10,3,1,2,20,35,33,0,0,0,10,0.5356646776275726,0.0011768341064453125
15,3,1,2,30,50,48,0,0,0,15,0.4483968780025761,0.0015914440155029297
20,3,1,2,40,65,63,0,0,0,20,0.40476297819007784,0.0019741058349609375
25,3,1,2,50,80,78,0,0,0,25,0.3785826383025789,0.0024101734161376953
